{
  "roc_auc": 0.718746216974551,
  "gini": 0.437492433949102,
  "ks_statistic": 0.3405980887757334
}