{
  "roc_auc": 0.8860994407968391,
  "pr_auc": 0.4461966850059694,
  "threshold": 0.07519885138382847
}