{
  "mean_ite": 0.005207472089381137,
  "auuc": 0.6301767186413036,
  "ite_std": 0.046164267486184,
  "ite_min": -0.2852989489502603,
  "ite_max": 0.39030892647904436,
  "ite_p25": -0.023240658966836775,
  "ite_p75": 0.03243576157132877,
  "segment_distribution": {
    "Sure Thing": 135073,
    "Persuadable": 34650,
    "Lost Cause": 35300,
    "Do Not Disturb": 68341
  },
  "persuadable_pct": 0.1267540714944177
}